Component,Quantity,Price (USD),Purpose,Purchase Link
ESP32 Development Board,1,$4.18,Main controller and PID processing,https://robocraze.com/products/esp32-development-board-with-cp2102-wifi-bluetooth-dual-core-30-pin
MPU9250 Module,1,$3.87,Accelerometer and gyroscope for tilt sensing,https://robocraze.com/products/mpu-9250-module
200 RPM BO Motor,2,$0.63 each,Left and right drive motors,https://robocraze.com/products/200-rpm-single-shaft-bo-motor-straight
BO Motor Wheels,1 pack (4 pcs),$0.94,Robot wheels,https://robocraze.com/products/bo-motor-wheels-4-pcs
TB6612FNG Dual DC Motor Driver,1,$1.41,Drives both BO motors,https://robocraze.com/products/tb6612fng-dual-dc-motor-driver
Battery,2,$2,Power source,https://robocraze.com/products/3-7v-2500mah-18650-li-ion-battery
Battery Holder,1,$0.25,Battery connection,https://robocraze.com/products/18650-2-cell-holder
Buck Convertor,1,$0.6,To give stable 5V to ESP,https://robocraze.com/products/lm2596-dc-dc-buck-module
Jumper Wires,As required,—,Electrical connections,-
3D Printed Parts,As required,—,Robot frame and structural parts,Self Printed
